ポストID,日付,ポスト本文,ポストのリンク,インプレッション数,いいね,エンゲージメント,ブックマーク,共有された回数\,新しいフォロー,返信,リポスト,プロフィールへのアクセス数,詳細のクリック数,URLのクリック数,ハッシュタグのクリック数,パーマリンクのクリック数
2006162071851868342,"Wed, Dec 31, 2025",シリアル起業家のヨハン・サティアナゼン氏は「Claude https://t.co/fBAAQHkF2w,https://x.com/yuichisatoeco/status/2006162071851868342,94,3,8,0,0,0,0,0,0,4,0,0,0
2005958048511107086,"Tue, Dec 30, 2025",LayerX福島氏が提唱する「AI https://t.co/hcdchnf5VJ,https://x.com/yuichisatoeco/status/2005958048511107086,170,0,3,0,0,0,0,0,0,0,0,0,0
2005595658430886164,"Mon, Dec 29, 2025",「AIの能力向上ペースは、2024年4月を境に倍増した」とエポックAIの研究チームは明らかにした。最先端モデルの改善スコアは、以前の年8ポイントから年15ポイントへと急上昇している。これは約90％の加速であり、従来の予測を大きく上回るペースだ。特に、複雑な問題を解くための「推論モデル」や、試行 https://t.co/f86bREGFAy,https://x.com/yuichisatoeco/status/2005595658430886164,90,1,1,0,0,0,0,0,0,0,0,0,0
2005233274453410115,"Sun, Dec 28, 2025",デミス・ハサビス氏は「AGIは産業革命の10倍の影響力を持ち、その変化は10倍の速さで訪れる」と断言した。グーグル・ディープマインドCEOが示す未来は、かつて人類が100年かけて適応した激変が、今後わずか10年で完遂される世界だ。規模と速度が掛け合わさり、実質的に「100倍」の衝撃が社会を襲うこと https://t.co/kXLvWZ7KWS,https://x.com/yuichisatoeco/status/2005233274453410115,147,1,11,0,0,0,0,0,2,5,0,0,0
2004870885015007597,"Sat, Dec 27, 2025",トランスコスモスは『AIによる過半数の承認がなければ次工程に進めない』という新制度を導入した。要件定義書を5つの異なるLLMにレビューさせ、3つ以上の承認を必須とする「AI合議制」の実装だ。この徹底した品質管理と生成AI活用である「バイブコーディング」により、同社は開発工数の80％削減を実現 https://t.co/c6trZqfauC,https://x.com/yuichisatoeco/status/2004870885015007597,168,2,9,0,0,0,0,0,2,3,0,0,0
2004508495614230840,"Fri, Dec 26, 2025",https://t.co/Fzm7iYf9xR,https://x.com/yuichisatoeco/status/2004508495614230840,121,0,0,0,0,0,0,0,0,0,0,0,0
2004508494917963954,"Fri, Dec 26, 2025",2028年という具体的なタイムラインは、もはや準備期間がほとんどないことを示唆しています。技術的な受容だけでなく、自身のキャリアや組織のあり方を「AI前提」で再定義する覚悟が今すぐに求められています。,https://x.com/yuichisatoeco/status/2004508494917963954,75,0,1,0,0,0,1,0,0,0,0,0,0
2004508493781381390,"Fri, Dec 26, 2025",Google https://t.co/I1LFTTW90F,https://x.com/yuichisatoeco/status/2004508493781381390,89,0,1,0,0,0,1,0,0,0,0,0,0
2004146109959090487,"Thu, Dec 25, 2025",OpenAIの研究チームは「GPT-5.2は平均14年の実務経験を持つ専門家の成果に並んだ」と結論付けた。新たな経済価値指標であるGDPvalにおいて、AIの実務能力が従来の予測を遥かに超える速度で向上していることが示されている。金融や医療を含む、米国のGDPを支える主要44職種を対象とした大規模な検証結果 https://t.co/89vCohbK7T,https://x.com/yuichisatoeco/status/2004146109959090487,158,1,10,2,0,0,0,1,1,4,0,0,0
2003783721258729634,"Wed, Dec 24, 2025",Anthropic社は「接続だけでなく、熟練の手順もAIに渡す」という新たなフェーズを提示した。同社は、AIとシステムをつなぐ規格「MCP」に加え、業務ノウハウをAIにパッケージとしてインストールできる「Agent https://t.co/WjhThxTc16,https://x.com/yuichisatoeco/status/2003783721258729634,152,0,3,1,0,0,0,0,2,0,0,0,0
2003421331266699664,"Tue, Dec 23, 2025",Claude Opus https://t.co/LwqEDaQR8S,https://x.com/yuichisatoeco/status/2003421331266699664,213,0,3,0,0,0,0,0,1,1,0,0,0
2003058945041043590,"Mon, Dec 22, 2025",「考える前に動く」というのは、一見すると無鉄砲に見えますが、変化の激しいAI時代においては最も理にかなったプロジェクト管理手法だと感じます。 https://t.co/l0fbDtOhAz https://t.co/iJ7VOu5Qbp,https://x.com/yuichisatoeco/status/2003058945041043590,101,1,2,0,0,0,0,0,0,0,0,0,0
2003058943883382944,"Mon, Dec 22, 2025",LayerXの恩田壮恭氏は「AI時代に活躍する人材の共通点は、明確に行動量が多いことだ」と述べた。生成AIという未踏の領域に経験者は存在しない。だからこそ、過去の正解を探すのではなく、いかに早く試行錯誤を繰り返したかがそのまま実力差になるという。実際に同社のCTOは、商談のその場でワークフロ https://t.co/NxTLzuyxad,https://x.com/yuichisatoeco/status/2003058943883382944,276,5,10,0,0,0,1,0,0,3,0,0,0
2002696558349808072,"Sun, Dec 21, 2025",現状の「アプリの海」から必要な機能を探す手間は、確かに人間にとって不自然な作業とも言えます。AIが文脈を理解し「先回り」して提示してくれる体験は、まさにHuman-Centered AI（人間中心のAI）の理想形の一つです。 https://t.co/DCkvRPuWz2,https://x.com/yuichisatoeco/status/2002696558349808072,213,1,4,0,0,0,0,1,1,0,0,0,0
2002696557129302144,"Sun, Dec 21, 2025",テスラのイーロン・マスク氏は「5〜6年以内にスマホからアプリは消滅し、AIがすべてを操作する端末へと進化する」と予測した。現在、我々は目的ごとにアプリを使い分けているが、イーロンはこれをかつての「レンタルビデオ店（ブロックバスター）」のような過去の遺物になると指摘する。これまでの操作 https://t.co/3PqnaZpiWR,https://x.com/yuichisatoeco/status/2002696557129302144,198,1,22,1,0,0,1,2,2,14,0,0,0
2002334169687380268,"Sat, Dec 20, 2025",OpenAIのサム・アルトマン氏は「AIが十分に賢くなると、人間が介入するほど弱くなる」という逆説的な現象を指摘した。かつてチェスの世界では「人間とAIのタッグ」が最強とされた時期があったが、AIの進化により、最終的には人間が判断のノイズとなり「AI単独」が最適解へと収束した。同氏は今、この現 https://t.co/TsPkRKVFgJ,https://x.com/yuichisatoeco/status/2002334169687380268,201,0,15,0,0,0,0,0,1,8,0,0,0
2001609398418866622,"Thu, Dec 18, 2025",ベネディクト・エヴァンス氏は『生成AIの将来像は、過去のプラットフォーム転換よりも見通しを立てにくい』と述べた。インターネットやモバイルの時代も2〜3年先は読めなかったが、1995年の時点で次の年に全員へギガビット光回線が配られないことは想像できた。焦点は、予測の正しさではなく、変化に合 https://t.co/RfBCccmceZ,https://x.com/yuichisatoeco/status/2001609398418866622,162,0,4,0,0,0,0,0,2,0,0,0,0
1999993478571499645,"Sun, Dec 14, 2025",https://t.co/DzLGMnphN4,https://x.com/yuichisatoeco/status/1999993478571499645,151,0,2,0,0,0,0,0,0,0,2,0,0
1999797465474572700,"Sat, Dec 13, 2025",OpenAIの研究チームは「GPT5.2は平均14年の実務経験を持つ専門家の成果に並んだ」と結論付けた。GPT5.2リリースのタイミングで更新された経済価値指標「GDPval」において、AIモデルの進化速度が従来の予測を遥かに上回るペースで加速していることが、冷徹な数字として示されたのである。 https://t.co/PHH7ZM9xPD,https://x.com/yuichisatoeco/status/1999797465474572700,415,0,9,0,0,0,0,0,1,8,0,0,0
1999250834346115082,"Thu, Dec 11, 2025",https://t.co/77p63O6RoL,https://x.com/yuichisatoeco/status/1999250834346115082,98,0,3,0,0,0,0,0,0,1,2,0,0
1999250481085047203,"Thu, Dec 11, 2025",「1%未満のコスト」という数字は、単なる経費削減以上の意味を持ちます。失敗のコストが極限まで下がることで、私たちはより大胆な仮説検証を、より頻繁に行えるようになります。試行回数の増加こそが、イノベーションの源泉となるでしょう。,https://x.com/yuichisatoeco/status/1999250481085047203,36,0,0,0,0,0,0,0,0,0,0,0,0
1999250105329942535,"Thu, Dec 11, 2025",OpenAIの最新モデル「GPT-5.2 Thinking」は、知識作業の質を測るGDPvalにおいて、70.9%の割合で業界トップのプロフェッショナルを上回るか同等の成果を記録している。特筆すべきは、人間が数日かける高度な分析や推論を、このモデルは専門家の11倍以上の速度で完了させた点だ。 https://t.co/HfmkOhGY6I,https://x.com/yuichisatoeco/status/1999250105329942535,184,0,6,1,0,0,2,0,0,0,0,0,0
1998347905762009458,"Tue, Dec 9, 2025",Google Cloud https://t.co/Av618vIXER,https://x.com/yuichisatoeco/status/1998347905762009458,127,0,5,0,0,0,0,0,0,2,0,0,0
1997985521205727713,"Mon, Dec 8, 2025",AIに人間的な「記憶」を持たせるのではなく、人間と同じツール（Git等）を使わせて「記録」させるアプローチは、既存の開発フローとの親和性が極めて高いと感じます。,https://x.com/yuichisatoeco/status/1997985521205727713,67,2,5,0,0,0,0,0,1,2,0,0,0
1997985519213347271,"Mon, Dec 8, 2025",アンソロッピックのエンジニアリングチームは「長時間稼働するエージェントの成功鍵は、モデルの知能ではなく『ハーネス（足場）』にある」と結論付けました。単発のチャットとは異なり、数十ステップを要する複雑な開発タスクにおいて、AIがいかに「文脈」と「一貫性」を維持し続けるかが、実用化の課 https://t.co/fFtXs7nRNv,https://x.com/yuichisatoeco/status/1997985519213347271,120,1,11,0,0,0,1,0,1,1,1,0,0
1997623131351986650,"Sun, Dec 7, 2025",「エージェント」という言葉の響きに惑わされず、まずは確実な「ワークフロー」で価値を出すという姿勢は、現場のエンジニアにとって非常に勇気づけられる指針です。,https://x.com/yuichisatoeco/status/1997623131351986650,71,0,0,0,0,0,0,0,0,0,0,0,0
1997623129586200762,"Sun, Dec 7, 2025",Anthropicの研究チームは「AI開発においては、いきなり自律エージェントを目指すべきではない」と警鐘を鳴らしています。多くの企業が複雑な自律型システムの構築を急ぐ中、同社はあえて「単純さ」への回帰を提言しました。実際に、現在稼働している成功事例の多くは、完全な自律性を持つエージェント https://t.co/4ECk9T8dj4,https://x.com/yuichisatoeco/status/1997623129586200762,100,0,12,0,0,0,1,0,0,2,2,0,0
1997260748360163786,"Sat, Dec 6, 2025",AIの導入によって「仕事」そのものがなくなるのではなく、業務内の「タスク」が再編成されるフェーズに入りました。技術スキルも重要ですが、変化に適応し他者を巻き込む「人間力」こそが、これからのキャリアにおける強力な基盤になると考えます。,https://x.com/yuichisatoeco/status/1997260748360163786,66,0,1,0,0,0,0,0,0,1,0,0,0
1997260746443427894,"Sat, Dec 6, 2025",AI研究機関エポックAIのデビッド・オーウェン氏は「AI技術の進化スピードは、短期間で労働市場に大きな変化をもたらす可能性がある」と指摘しました。現在のAI投資について、同氏は「バブルではない」との見解を示しています。エヌビディアの成長などは企業がAI活用から実利を得ている証左であり、電力 https://t.co/g62y7TW6E4,https://x.com/yuichisatoeco/status/1997260746443427894,137,0,6,0,0,0,1,0,0,2,0,0,0
1996898355503391046,"Fri, Dec 5, 2025","報道によると、アリババのAIチャットボット「通義千問（Qwen）」が、アプリ公開からわずか1週間で1,000万ダウンロードを突破したとのことです。この普及スピードは、先行するOpenAIのChatGPTや、中国国内で注目されるDeepSeekの初期記録を大きく上回っており、AI市場における関心の高さを物語っていま https://t.co/wei6bYo9Eu",https://x.com/yuichisatoeco/status/1996898355503391046,265,0,18,0,0,0,0,0,2,2,1,0,0
1996535966597619923,"Thu, Dec 4, 2025",A16zのアレックス・ランペル氏は「ソフトウェアは今、13兆ドルの労働市場そのものを獲得しにいっている」と述べた。世界のSaaS市場が年間約3000億ドルであるのに対し、米国の労働市場はその40倍以上の規模を誇る。これまでのソフトウェアは、物理的な書類棚をデジタルなデータベースに置き換えた「記録 https://t.co/DV155ANQwu,https://x.com/yuichisatoeco/status/1996535966597619923,98,1,6,0,0,0,0,0,0,0,1,0,0
1996173576538353861,"Wed, Dec 3, 2025",サム・アルトマンCEOは「今はChatGPTにとって重要な時期だ」と述べ、社内に「コード・レッド」を宣言したと報じられています。OpenAIはこの決定に伴い、広告事業やAIエージェント開発などの進行を一時調整し、全リソースを主力のChatGPT改善に集中させる模様です。Googleなど競合他社の猛追を受け、技 https://t.co/kWUOdlweTS,https://x.com/yuichisatoeco/status/1996173576538353861,1211,2,47,0,0,0,0,1,2,6,0,0,0
1995811197732397317,"Tue, Dec 2, 2025",人間が持つ「感情」を知性のノイズではなく、効率的な学習装置として再評価する視点は、AI開発における「人間中心」の重要さを改めて突きつけています。,https://x.com/yuichisatoeco/status/1995811197732397317,81,0,1,0,0,0,0,0,1,0,0,0,0
1995811196578988453,"Tue, Dec 2, 2025",イリヤ・サツケバー氏は「拡大（スケーリング）の時代から、再び『研究』の時代へと移行している」と指摘した。元OpenAIの技術トップが語るこのパラダイムシフトは、単に計算資源とデータを注ぎ込めば性能が伸びるという「黄金の方程式」が、もはや通用しなくなりつつある現状を浮き彫りにしている。 https://t.co/jFFMzOnUib,https://x.com/yuichisatoeco/status/1995811196578988453,115,1,9,0,0,0,1,0,0,1,0,0,0
1995448810642792587,"Mon, Dec 1, 2025",スマホへの過度な依存という課題への処方箋が「より高度なAI」である点は興味深いです。AIが単なる「道具」から「高度なサポート役」へ進化することで、私たちが画面を見る時間を減らせるようになるのかもしれません。,https://x.com/yuichisatoeco/status/1995448810642792587,63,1,3,0,0,0,0,0,0,2,0,0,0
1995448808679800840,"Mon, Dec 1, 2025",OpenAIのサム・アルトマン氏は「現在のスマホ体験はタイムズスクエアの喧騒だが、次世代機は湖畔の静寂になる」と述べたそうです。元Appleのジョナサン・アイブ氏とタッグを組み、AI特化型ハードウェアの開発を進めているとのこと。このプロジェクトは、単なる新製品の開発にとどまらず、テクノロジー https://t.co/wzrHLPpASL,https://x.com/yuichisatoeco/status/1995448808679800840,169,1,17,0,0,0,1,0,0,3,0,0,0
1993636856706019552,"Wed, Nov 26, 2025",OpenAIのサム・アルトマン氏は「Geminiは非常に優秀だ。我々は経済的な逆風と『荒れた雰囲気』を覚悟すべきだ」と従業員に警告した。この内部メモは、AI開発競争が単なる性能争いから、より過酷な総力戦へ突入したことを示唆している。Googleの猛追により、技術的な優位性を一社で独占し続けることは事,https://x.com/yuichisatoeco/status/1993636856706019552,250,0,9,1,0,0,0,0,1,8,0,0,0
1993274472212656451,"Tue, Nov 25, 2025",セコイア・キャピタルのデビッド・カーン氏は、AI投資を正当化するには年間6000億ドルの収益が必要だと指摘し、現在のAIインフラへの投資額と実際の収益の間には5000億ドル（約75兆円）の「期待値のギャップ」があると警鐘を鳴らしました。ゴールドマン・サックスも、AIによる生産性向上は今後10年でわ https://t.co/hWCVxOQVQj,https://x.com/yuichisatoeco/status/1993274472212656451,156,0,2,0,0,0,0,0,0,2,0,0,0
1992912084619706618,"Mon, Nov 24, 2025",グーグルのサンダー・ピチャイ氏は「AIは仕事を奪うのではなく、使いこなす者が勝つ構造になる」と指摘した。同社は今年だけで約14兆円（900億ドル）をAIインフラに投じている。業界全体では150兆円を超える巨額投資が動いており、これは一過性のブームではなく、インターネット登場時に匹敵する産業構 https://t.co/lG8HUk5NlC,https://x.com/yuichisatoeco/status/1992912084619706618,146,1,5,0,0,0,0,0,1,1,0,0,0
1992549696468848734,"Sun, Nov 23, 2025",ツールが無料である点は、Googleがこの分野の覇権を握ろうとする強い意志を感じさせます。エンジニアだけでなく、PMやデザイナーがプロトタイプを自作する障壁が劇的に下がると予測されます。 https://t.co/2wtQO7Yg2S,https://x.com/yuichisatoeco/status/1992549696468848734,135,1,12,0,0,0,0,0,0,9,2,0,0
1992549695315435626,"Sun, Nov 23, 2025",Googleは「開発体験の未来形」として、新AIエディタ「Antigravity」を公開した。現在最強とされるGemini 3 https://t.co/XdmiWXFFpU,https://x.com/yuichisatoeco/status/1992549695315435626,159,0,3,0,0,0,1,0,0,0,0,0,0
1992187306967466172,"Sat, Nov 22, 2025",サム・アルトマン氏は「Googleの進歩は当社に一時的な経済的逆風を生む可能性がある」と述べた。OpenAIのCEOが社内メモで競合の猛追を率直に認めた事実は、技術開発競争が新たな局面に入ったことを示唆している。Googleが投入した新モデル「Gemini https://t.co/aj9j0MX5vy,https://x.com/yuichisatoeco/status/1992187306967466172,224,0,11,0,0,0,0,0,2,5,0,0,0
1991824920238510271,"Fri, Nov 21, 2025",イーロン・マスク氏は『オプティマスがサイバーキャブで配送業務を担当する』という構想を明らかにした。テスラの人型ロボットが自動運転車を乗り降りして荷物を届ける未来像だ。同時に、テスラが独自設計した半導体を、スペースXが宇宙空間に建設するデータセンターで活用する計画も浮上している。 https://t.co/hP86xW9fZy,https://x.com/yuichisatoeco/status/1991824920238510271,433,1,7,1,0,0,0,1,1,1,0,0,0
1991462533668962595,"Thu, Nov 20, 2025",ピーター・ティール氏は『AIの誇大広告サイクルは実体経済を大幅に先行している』と警告し、保有するエヌビディア株を全売却した。5兆ドル企業となった同社から完全撤退し、ポートフォリオを2億1200万ドルから7440万ドルへと3分の1に縮小させた衝撃的な判断だ。 https://t.co/BRbdOxI4AN,https://x.com/yuichisatoeco/status/1991462533668962595,211,0,3,0,0,0,0,0,1,0,0,0,0
1991100146004767035,"Wed, Nov 19, 2025",GoogleのGemini 3.0 ProがArc-AGI https://t.co/Nu6DN6NJpL,https://x.com/yuichisatoeco/status/1991100146004767035,209,1,23,0,0,0,0,0,1,12,0,0,0
1990737758969552968,"Tue, Nov 18, 2025","JPモルガンのタレク・ハミド氏は「AI投資の資金調達は全ての金融市場を巻き込む」と述べた。同社の分析によると、データセンター建設に必要な資金は今後5年間で5〜7兆ドル（約750〜1,050兆円）に達し、投資適格債だけで1.5兆ドル（約225兆円）の発行が必要になる。 https://t.co/PzJrLjthoU",https://x.com/yuichisatoeco/status/1990737758969552968,147,0,0,0,0,0,0,0,0,0,0,0,0
1990375373436002517,"Mon, Nov 17, 2025",『NVIDIAのGPUより1000倍速い光量子チップを開発した』と中国のチップハブ（CHIPX）は発表した。6インチのシリコンウェハーに1000個以上の光学部品を集積し、従来6ヶ月かかった量子コンピュータの導入をわずか2週間に短縮。すでに航空宇宙や金融分野で実用化が始まっているという。年間1万2000枚のウェ https://t.co/nMhyoc3rEN,https://x.com/yuichisatoeco/status/1990375373436002517,369,1,15,2,0,0,0,2,2,7,0,0,0
1990012982726652285,"Sun, Nov 16, 2025",リーマンショックを予言した伝説の投資家マイケル・バーリー氏は「ハイパースケーラーは減価償却期間の延長で利益を粉飾している」と指摘した。彼が、2年ぶりに沈黙を破りAI企業の空売りを開始。同氏の試算では、2026年から2028年にかけて大手テック企業が1760億ドル（約26兆円）の減価償却費を過少計 https://t.co/OSq7s58gKn,https://x.com/yuichisatoeco/status/1990012982726652285,277,0,5,1,0,0,0,0,1,3,0,0,0
1989650594210930914,"Sat, Nov 15, 2025",OpenAIのサム・アルトマン氏は、AIが「開発を速くする道具」という枠を超え「会社そのものを自動化する存在」になると語った。実際、現在の企業ではプロダクトマネージャーが仕様書を書き、開発者がそれを実装している。 https://t.co/WRLIalcZIp,https://x.com/yuichisatoeco/status/1989650594210930914,190,0,1,1,0,0,0,0,0,0,0,0,0
1988925818911781009,"Thu, Nov 13, 2025",イーロン・マスク氏は「2027年にはテキサス工場で年間1000万台のヒューマノイドロボットを生産する」と発表した。テスラはギガテキサス工場でオプティマスロボット専用の製造施設の建設を開始。人型ロボットの大量生産という、製造業の歴史における転換点が現実のものとなろうとしている。 https://t.co/UC2HCPq3k7,https://x.com/yuichisatoeco/status/1988925818911781009,294,1,11,0,0,0,0,0,1,7,0,0,0
1988563429724942405,"Wed, Nov 12, 2025",週8億人が使うChatGPTが、ついにショッピング機能を本格化させた。しかし予想外なことに、アマゾンは同社のAIアクセスを完全にブロック。一方でウォルマートは積極的に提携を進める。なぜ米国の大手企業の対応がここまで真っ二つに分かれているのか。 https://t.co/bivzFQbkxa,https://x.com/yuichisatoeco/status/1988563429724942405,177,1,4,0,0,0,0,0,1,0,0,0,0
1988201037975503204,"Tue, Nov 11, 2025",アンソロピックのアダム・ジョーンズ氏は「あと半年から1年で、人間の社員とほぼ同じ仕事ができるAIエージェントが実現する」と断言した。同社はコンピューター画面を直接操作できるAI技術を開発中で、専用APIがない既存システムでも自在に扱えるようになる。,https://x.com/yuichisatoeco/status/1988201037975503204,299,4,7,0,0,0,0,0,0,3,0,0,0
1987838656464199902,"Mon, Nov 10, 2025",「OpenAIへの1400億円の投資は18兆円の価値になった」とマイクロソフトCEOのナデラ氏は明かした。わずか6年で135倍という驚異的なリターンだ。しかし同氏は「投資当初、100倍になるなんて誰も想像していなかった」と率直に語る。さらに驚くべきは、OpenAIが今後4年間で210兆円もの計算資源投資を計画し https://t.co/vyhOJah49u,https://x.com/yuichisatoeco/status/1987838656464199902,224,1,6,0,1,0,0,0,1,1,0,0,0
1987476266249838706,"Sun, Nov 9, 2025",「AIバブルと騒ぐ人たちは、重要な事実を見落としている」と米投資アナリストのダン・ベントン氏は指摘する。ドットコムバブル時代、企業の株価収益率は100倍まで膨らんだ。今のエヌビディアは30倍。しかも投資の担い手は、年間1000億ドルの利益を生む巨大企業たちだ。借金で回していた25年前とは、ま https://t.co/VzZ3i7hL4O,https://x.com/yuichisatoeco/status/1987476266249838706,322,2,9,0,0,0,0,1,0,2,0,0,0
1987113877939585379,"Sat, Nov 8, 2025",「AIを一度導入すれば、もう二度と人を雇う必要はない」。インドの新興AIスタートアップ、ライムチャット共同創業者のニキル・グプタ氏（28歳）の断言が業界に衝撃を与えている。同社の生成AIは、月1万件の顧客対応に必要な人員を80％も削減。つまり、たった2人で従来10人分の仕事をこなせるようになっ https://t.co/epPha0nZzP,https://x.com/yuichisatoeco/status/1987113877939585379,214,1,5,0,0,0,0,0,0,3,0,0,0
1986751492158525840,"Fri, Nov 7, 2025",「AIインフラの真の勝者は冷却設備だった」とゴールドマン・サックスの最新分析が明らかにした。2022年以降の米国AIハードウェア支出で、HVAC(暖房・換気・空調)が半導体やデータセンターを上回る成長を記録。3カ月平均で2770億ドルという巨額投資の中で、最も急成長している分野として注目を集めてい https://t.co/L1NoCUIDeO,https://x.com/yuichisatoeco/status/1986751492158525840,158,0,8,0,0,0,0,0,4,2,0,0,0
1986389104481743303,"Thu, Nov 6, 2025",「ソフトバンクがヒューマノイド型ロボットのスタートアップ、アジリティ・ロボティクスを少なくとも9億ドルで買収する協議を行った」とThe https://t.co/ko3YMgWutc,https://x.com/yuichisatoeco/status/1986389104481743303,214,2,9,1,0,0,0,0,1,3,0,0,0
1986026716574167443,"Wed, Nov 5, 2025",年間売上1兆円規模の欧州小売大手が、AIエージェント導入に失敗し、イスラエル企業のエンジニア支援を受けて初めて安定稼働を実現した。この事例が示すように、企業のAI活用が予想以上に困難な状況にあることから、アントロピックとAWSは顧客企業への直接的な技術支援を開始。実際、本番環境に導入され https://t.co/auabbvv8sD,https://x.com/yuichisatoeco/status/1986026716574167443,235,3,14,0,0,0,0,0,3,7,0,0,0
1985664327232209079,"Tue, Nov 4, 2025",OpenAIが3ヶ月で1兆7000億円の赤字を垂れ流していた。マイクロソフトの決算書類から、衝撃の事実が判明した。27％株主であるマイクロソフトが4600億円の損失を負担したことから逆算すると、ChatGPTを運営するOpenAIは2025年7-9月だけで最低でも1兆7000億円の純損失を出していたことになる。 https://t.co/e1Y9vzmVa2,https://x.com/yuichisatoeco/status/1985664327232209079,152,1,5,0,0,0,0,0,1,1,0,0,0
1985301940410958135,"Mon, Nov 3, 2025",アマゾンジェイミー・シミノフVPが、AI活用を昇進と採用の判断基準にすると宣言した。シミノフ氏は7月、部門内すべての昇進申請にAI活用実績の記載を義務付けた。「AIを仕事にどう組み込んでいるかで昇進を決定する。会社により大きな価値を生み出す社員が評価されるべきだ」と語る。 https://t.co/CDoISUaNLN,https://x.com/yuichisatoeco/status/1985301940410958135,164,0,3,0,0,0,0,0,1,0,0,0,0
1985178898976669842,"Mon, Nov 3, 2025",イーロン・マスク氏は「5〜6年後にはXを含むすべてのアプリが消滅し、AIが直接管理する」と発言した。スマートフォンはAIの映像推論エッジノードとなり、OSやアプリという概念自体が不要になるという。,https://x.com/yuichisatoeco/status/1985178898976669842,501,0,8,0,0,0,0,0,0,8,0,0,0
1984939551207411807,"Sun, Nov 2, 2025",「AIエージェントがユーザーの購買プロセスを代行し、チャット内で買い物を完結させる新たなECが拡大する」とエバン合同会社の川添隆CEOは指摘する。OpenAIは2025年9月に米国でInstant Checkout機能を開始。ChatGPT内で商品探しから購入まで完結できる仕組みだ。Googleも今年5月にShop with AI https://t.co/yxnW3boqR0,https://x.com/yuichisatoeco/status/1984939551207411807,278,2,6,0,0,0,0,0,2,1,0,0,0
1984800301883539807,"Sun, Nov 2, 2025",ScaleAIとAI,https://x.com/yuichisatoeco/status/1984800301883539807,280,1,7,0,0,0,0,0,0,6,0,0,0
1984782533494784259,"Sun, Nov 2, 2025",コンピュートの供給過剰は来るか？： ・ジェンセン (Nvidia CEO) は、今後2〜3年でコンピュートが供給過剰になる可能性は「事実上存在しない」と発言 ・サムは、供給過剰は「必ず来る」と予測 ・それが2〜3年後か5〜6年後かは分からないが、いつか必ず起こる,https://x.com/yuichisatoeco/status/1984782533494784259,232,2,6,0,0,0,0,0,0,4,0,0,0
1984577165082448214,"Sat, Nov 1, 2025",OpenAIのサム・アルトマンCEOは『2026年9月までにインターン級のAI研究アシスタントを、2028年3月までに完全自律型のAI研究者を実現する』と明言した。GPT-4発表からわずか5年で、人間の研究者と同等の能力を持つAIが誕生する。現在のAIは5時間程度のタスクをこなせるが、将来はデータセンター規模の計 https://t.co/DCAoxSf3eW,https://x.com/yuichisatoeco/status/1984577165082448214,155,0,2,0,0,0,0,0,1,0,0,0,0
1984214779188195503,"Fri, Oct 31, 2025",「利益を生まない可能性のあるサーバーを過剰に構築するリスクをマイクロソフトに負わせる」とエイミー・フッド最高財務責任者らは懸念を示した。OpenAIの底なしとも思えるコンピューティング需要が、130億ドルを投資してきたマイクロソフトとの独占契約を終わらせたのだ。 https://t.co/eq8mVh4Bvx,https://x.com/yuichisatoeco/status/1984214779188195503,195,5,11,1,0,0,0,0,3,3,0,0,0
1983852392006209575,"Thu, Oct 30, 2025",「独自のAIチップ開発で、現在の5倍となる26ギガワットのデータセンターを確保する」とOpenAIのサム・アルトマンCEOは断言する。同社が発表したブロードコムとの共同開発では、2026年から推論専用チップの量産を開始。ソフトバンク傘下のアームのCPU技術も統合し、エヌビディア一社に依存する現状から https://t.co/Zb09tulSsE,https://x.com/yuichisatoeco/status/1983852392006209575,145,0,1,0,0,0,0,0,0,1,0,0,0
1983848625819332887,"Thu, Oct 30, 2025",【日本語訳】,https://x.com/yuichisatoeco/status/1983848625819332887,216,0,0,0,0,0,0,0,0,0,0,0,0
1983490016387985731,"Wed, Oct 29, 2025",「我々は傍観者から脱却し、積極的な買収戦略に転じる」とアントロピック幹部は複数の投資銀行に伝えた。1700億ドルの評価額を獲得した同社は、OpenAIが16カ月で64億ドルを3社買収に投じる中、ついに動き出す。月間収益4億ドル以上を達成した今、5億ドル以下の小規模買収で技術力強化を狙う。 https://t.co/bnM1X5P5Qd,https://x.com/yuichisatoeco/status/1983490016387985731,149,0,5,0,1,0,0,0,1,2,0,0,0
1983127742448034119,"Tue, Oct 28, 2025","「OpenAIのFacebook化が進む」とテック業界の関係者は指摘する。同社の約3,000人の従業員のうち、およそ20％にあたる630人が元Metaのスタッフだという最新調査が明らかになった。インスタカートの元CEOでFacebook出身のフィジ・シモ氏をはじめ、多くの元Meta幹部が要職に就いている。 https://t.co/GsPZP6MFlU",https://x.com/yuichisatoeco/status/1983127742448034119,155,0,4,0,0,0,0,0,1,2,0,0,0
1982765304422764810,"Mon, Oct 27, 2025",「AIに奪われる仕事は、そもそも『本物の仕事』ではなかったのかもしれない」ーーオープンAIのサム・アルトマンCEOが10月のDevDayで投げかけた問いが波紋を呼んでいる。50年前の農家から見れば、現代のデスクワークは食料生産のような生存に直結しない「時間つぶしのゲーム」に過ぎないという。皮肉に https://t.co/URxDI8LUyx,https://x.com/yuichisatoeco/status/1982765304422764810,290,2,23,0,0,0,0,1,3,11,0,0,0
1982670462367981576,"Mon, Oct 27, 2025",「2030年の米国データセンター電力需要は134ギガワットで、今の2倍を超える」と世界資源研究所の最新予測が明らかになった。これは欧州の予測値35ギガワットの約4倍にあたる。ボストン・コンサルティングは1000テラワット時超という驚異的な数字を示し、各調査機関の予測には5倍もの開きがあるが、どれ,https://x.com/yuichisatoeco/status/1982670462367981576,402,0,3,0,0,0,0,0,1,2,0,0,0
1982436539503460739,"Sun, Oct 26, 2025",「AIバブルと騒ぐ人たちは、重要な事実を見落としている」と米投資アナリストのダン・ベントン氏は指摘する。ドットコムバブル時代、企業の株価収益率は100倍まで膨らんだ。今のエヌビディアは30倍。しかも投資の担い手は、年間1000億ドルの利益を生む巨大企業たちだ。借金で回していた25年前とは、ま,https://x.com/yuichisatoeco/status/1982436539503460739,546,0,1,0,0,0,0,0,1,0,0,0,0
1982402839885320383,"Sun, Oct 26, 2025",OpenAIの共同創設者アンドレイ・カルパシー氏は「AIエージェントが実際に機能するまでに10年かかる。現在のエージェントは単純に動かない。知能が不足し、マルチモーダル性も不十分で、継続的な学習ができない」と同氏は指摘。5つのタスクを実行する場合、すべて成功する確率はわずか32％にとどまる。 https://t.co/MTQgXQPfVg,https://x.com/yuichisatoeco/status/1982402839885320383,182,0,14,0,0,0,0,0,3,9,1,0,0
1982290014177505305,"Sun, Oct 26, 2025",@chomado 行政機関がMCPを用意しLLMを用いた補助金検索が可能になるという話は社会への影響も大きいですね 特に行政手続きの効率化や透明性向上に繋がりそうです 多面的に検討する必要がありますね,https://x.com/yuichisatoeco/status/1982290014177505305,3727,10,62,1,0,0,0,0,43,9,0,0,0
1982289346230358294,"Sun, Oct 26, 2025",「1993年に550万円だった世帯所得の中央値は、長期的に減少傾向が続き、2023年には410万円にまで落ち込んだ」と日経ビジネスは報じる。30年で25％減、まさに中流の消滅だ。,https://x.com/yuichisatoeco/status/1982289346230358294,513,2,8,0,0,0,0,1,2,3,0,0,0
1982287279080038477,"Sun, Oct 26, 2025",@Tsubame33785667 人間の知的労働がマイナス価値になる可能性が語られていて衝撃でした AIと経済の新しい価値観と人類の知的構造の再設計について考えさせられます,https://x.com/yuichisatoeco/status/1982287279080038477,502,5,24,0,0,0,1,1,5,12,0,0,0
1982286649892770247,"Sun, Oct 26, 2025",@tmiyatake1 OpenAIへの追加出資とIPO条件に関するお話は資金面と組織体制の両面で興味深いです 今後のAI企業の成長戦略にも注目したいです,https://x.com/yuichisatoeco/status/1982286649892770247,5719,1,29,1,0,0,0,0,22,6,0,0,0
1982285713707049083,"Sun, Oct 26, 2025",@fladdict AI競争は技術や資金だけでなくユースケース理解や社会への解像度で差がつくという指摘が印象に残りました 多面的な視座で議論を深めたいですね,https://x.com/yuichisatoeco/status/1982285713707049083,488,0,24,0,0,1,0,0,23,0,0,0,0
1982282882233327884,"Sun, Oct 26, 2025",@kobatch_tk OpenAIへの巨額出資が進む背景にはIPO体制への期待があります 企業構造の変革と資本提携の影響を考えると生成AI市場全体にも大きな波及がありそうだと感じます,https://x.com/yuichisatoeco/status/1982282882233327884,119,1,6,0,0,0,0,0,1,4,0,0,0
1982257533650960543,"Sun, Oct 26, 2025",「AIを一度導入すれば、もう二度と人を雇う必要はない」。インドの新興AIスタートアップ、ライムチャット共同創業者のニキル・グプタ氏(28歳)の断言が業界に衝撃を与えている。同社の生成AIは、月1万件の顧客対応に必要な人員を80%も削減。つまり、たった2人で従来10人分の仕事をこなせるようになった,https://x.com/yuichisatoeco/status/1982257533650960543,638,6,33,0,0,0,0,1,3,23,0,0,0
1982254430260003053,"Sun, Oct 26, 2025",AI投資の本質は「見えないインフラ」にある。冷却技術への投資額が半導体を上回るという事実は、物理的制約がデジタル革命の速度を決定することを示している。,https://x.com/yuichisatoeco/status/1982254430260003053,132,1,1,0,0,0,0,0,0,0,0,0,0
1982252844372943016,"Sun, Oct 26, 2025",「AIインフラの真の勝者は冷却設備だった」とゴールドマン・サックスの最新分析が明らかにした。2022年以降の米国AIハードウェア支出で、HVAC(暖房・換気・空調)が半導体やデータセンターを上回る成長を記録。3カ月平均で2770億ドルという巨額投資の中で、最も急成長している分野として注目を集めてい,https://x.com/yuichisatoeco/status/1982252844372943016,1048,0,10,0,0,0,1,0,1,8,0,0,0
1982250882688594238,"Sun, Oct 26, 2025",「AIに奪われる仕事は、そもそも『本物の仕事』ではなかったのかもしれない」ーーオープンAIのサム・アルトマンCEOが10月のDevDayで投げかけた問いが波紋を呼んでいる。50年前の農家から見れば、現代のデスクワークは食料生産のような生存に直結しない「時間つぶしのゲーム」に過ぎないという。皮肉に,https://x.com/yuichisatoeco/status/1982250882688594238,304,3,6,0,0,0,0,0,0,3,0,0,0
1982247995237355958,"Sun, Oct 26, 2025",【日本語訳】コメントについて多くの興奮があります。しかし、それは仕事が常に変化してきたという事実を無視しています。そして、時間の経過とともに非効率な職業は存在しなくなりました。この点について、いくつかの考えを述べます。,https://x.com/yuichisatoeco/status/1982247995237355958,185,0,1,0,0,0,0,0,0,1,0,0,0
1982040451935822092,"Sat, Oct 25, 2025",オープンAIの脅威が迫る中、セールスフォースCEOがAI戦略を転換した。「大企業はエンタープライズアーキテクチャを簡単に変更できない。時間がかかる」とマーク・ベニオフCEOはドリームフォース2025で4万5000人の参加者に語った。昨年「AI導入は容易で迅速」と豪語した同氏の発言撤回は、企業のAI実装 https://t.co/rJp2d95GFq,https://x.com/yuichisatoeco/status/1982040451935822092,474,1,24,2,0,0,0,0,7,7,0,0,0
1981678077571658082,"Fri, Oct 24, 2025",「投資銀行のジュニアが週100時間こなす業務を、AIが代替できる時代がやってきた」とOpenAIは断言する。同社は元ゴールドマン・サックスやモルガン・スタンレー出身者など100人以上の投資銀行経験者を時給150ドルで雇用し、金融モデリング業務のAI訓練プロジェクトに着手した。5000億ドルの企業価値を https://t.co/YFWh8ky6kU,https://x.com/yuichisatoeco/status/1981678077571658082,181,0,2,0,0,0,0,0,0,2,0,0,0
1981315690607890801,"Thu, Oct 23, 2025",AI検索で人間のサイト訪問が激減している。クラウドフレアの衝撃的な調査によると、グーグル検索が1人をサイトに送るのに必要なページ読み取り数は、10年前はたった2ページだったが、今では14ページまで増えた。つまり送客効率が7分の1に落ちたということだ。オープンAIに至っては1700ページで1人、ア https://t.co/p9dUharHmr,https://x.com/yuichisatoeco/status/1981315690607890801,245,1,13,2,0,0,0,0,2,4,0,0,0
1980953298321477865,"Wed, Oct 22, 2025",アントロピックでは今、コードの90％をAIが書いている。「これは誇張ではなく現実です」とダリオ・アモデイCEOは語る。次世代のClaudeを現在のClaudeが訓練し、人間が数日かけても解決できなかったシステムの不具合をClaudeが発見する。まさにAIがAI開発を加速させる循環が生まれている。 https://t.co/nLO0Q8yz7I,https://x.com/yuichisatoeco/status/1980953298321477865,171,1,8,1,0,0,0,1,1,5,0,0,0
1980590919637148140,"Tue, Oct 21, 2025",https://t.co/HmA0h6bk5x,https://x.com/yuichisatoeco/status/1980590919637148140,95,0,0,1,0,0,0,0,0,0,0,0,0
1980590918928302227,"Tue, Oct 21, 2025",テスラの18万台という生産規模は、従来の人型ロボット市場の常識を覆すものだ。年間生産能力が数千台レベルだった業界に、自動車産業の量産思想が持ち込まれることで、価格破壊と市場拡大が同時に起きる可能性が高い。,https://x.com/yuichisatoeco/status/1980590918928302227,137,0,4,0,0,0,1,0,0,3,0,0,0
1980590917603012854,"Tue, Oct 21, 2025",たった1社で18万台。テスラが人型ロボット量産に向けて動き出した規模は、業界の常識を完全に覆すものだった。約1000億円という巨額を投じて中国サンファ社から調達する駆動部品は、2026年から納入が始まる。これまで年間数千台が限界だった人型ロボット業界に、自動車メーカーの量産思想が持ち込まれ https://t.co/0KhwAyTBjU,https://x.com/yuichisatoeco/status/1980590917603012854,422,1,21,1,0,0,1,0,2,9,0,0,0
1980228527195607527,"Mon, Oct 20, 2025",引用元: https://t.co/C5zI8rIIhl https://t.co/YjlEn9BOVF,https://x.com/yuichisatoeco/status/1980228527195607527,99,0,0,0,0,0,0,0,0,0,0,0,0
1980228526503600361,"Mon, Oct 20, 2025",AI開発における「Move Fast and Break Things」の限界が見え始めている。技術革新のスピードと倫理的責任のバランスこそ、今後のAI業界全体の課題となるだろう。,https://x.com/yuichisatoeco/status/1980228526503600361,102,0,1,0,0,0,1,0,0,0,0,0,0
1980228524414829001,"Mon, Oct 20, 2025",「OpenAIは2025年の収益が昨年の3倍超となる130億ドルに達する見込みだ」とサム・アルトマンCEOは語る。未上場企業として史上最高の5000億ドル評価額を記録し、ChatGPTの週間アクティブユーザーは8億人を突破。半年で評価額が3000億ドルから5000億ドルへと急上昇したスピードは驚異的だ。 https://t.co/o8JmJ8PQbp,https://x.com/yuichisatoeco/status/1980228524414829001,145,0,5,0,0,0,1,0,1,1,0,0,0
1979866125300060362,"Sun, Oct 19, 2025",引用 https://t.co/pCoxQDwl5v https://t.co/OKmJUAnonw,https://x.com/yuichisatoeco/status/1979866125300060362,236,0,0,0,0,0,0,0,0,0,0,0,0
1979866124549292108,"Sun, Oct 19, 2025",AIエージェント市場は2025年に本格的な実装フェーズに入ると見ています。特に既存システムとの統合性が競争優位の鍵となるでしょう。,https://x.com/yuichisatoeco/status/1979866124549292108,137,0,2,0,0,0,1,0,0,1,0,0,0
1979866123211358532,"Sun, Oct 19, 2025",「AIはもはやチャットボットではない。エージェントとして仕事を代行し、企業の生産性を根本から変える段階に入った」とGoogle CloudのGemini https://t.co/Ug1mwEpBoA,https://x.com/yuichisatoeco/status/1979866123211358532,178,0,2,0,0,0,1,0,1,0,0,0,0
1979503737329566045,"Sat, Oct 18, 2025",OpenAIが提案する「ChatGPTでログイン」機能により、まるでGoogleやFacebookのようにChatGPTアカウントで外部サービスにサインインできる。すでにウォルマートはChatGPT内で直接商品購入を可能にし、開発者向けSDKも公開された。 https://t.co/luHN7Crr81,https://x.com/yuichisatoeco/status/1979503737329566045,230,2,17,1,0,0,0,0,1,7,0,0,0
1979141477599998335,"Fri, Oct 17, 2025",「AIエージェントに専門知識を教えることで、まるで新入社員を即戦力に変えるような体験ができる」とAnthropicは2025年10月16日、新機能「Agent Skills」を発表した。これまで汎用的だったClaudeに、たった1つのファイルを追加するだけで、PDF編集や特定業務の専門家に変身させられるという。 https://t.co/hd43DoZ6cM,https://x.com/yuichisatoeco/status/1979141477599998335,150,0,2,0,0,0,0,0,0,0,0,0,0
1978778969341125084,"Thu, Oct 16, 2025",OpenAIが掲げた「2028年までに年間売上15兆円に到達する」と目標は、企業成長の歴史を塗り替える挑戦となる。エポックAIの最新分析によれば、同社の売上は現在年間3倍のペースで成長中だ。2023年に1500億円を突破し、2025年には約2兆円に達する見込みという。 https://t.co/lJfKOefShZ,https://x.com/yuichisatoeco/status/1978778969341125084,143,0,0,0,0,0,0,0,0,0,0,0,0
1978419044106543500,"Wed, Oct 15, 2025",Ilya: the Al scientist shaping the world https://t.co/efNas2jJ7w,https://x.com/yuichisatoeco/status/1978419044106543500,199,0,2,0,0,0,0,0,0,0,2,0,0
1978418966268678344,"Wed, Oct 15, 2025",AGI実現への準備期間は予想以上に短い可能性がある。計算速度が10万倍になるという予測を踏まえれば、今から安全性確保の枠組み構築が急務だ,https://x.com/yuichisatoeco/status/1978418966268678344,39,0,1,0,0,0,0,0,1,0,0,0,0
1978416619442286987,"Wed, Oct 15, 2025",「人間のあらゆる仕事をこなすAGIが、予想より早く実現する確率は十分に高い」とOpenAI共同創設者のイリヤ・サツキヴァー氏は断言する。ChatGPTを生み出した天才科学者が語るAGI（汎用人工知能）の到来は、もはやSFの世界の話ではない。マイクロソフト研究所はすでにGPT-4を「初期段階のAGI」と評価し https://t.co/pEUtGsvY0c,https://x.com/yuichisatoeco/status/1978416619442286987,354,2,17,0,0,0,2,0,1,11,0,0,0
1978054194008338488,"Tue, Oct 14, 2025",「これまで見た中で最も衝撃的だった」とフォードのジム・ファーリーCEOは中国工場視察後に語った。国際ロボット連盟の最新データによると、中国の産業用ロボット数は過去10年で189万台から200万台超へと10倍以上に急増。製造業労働者1万人あたりのロボット密度は567台に達し、ドイツの449台、米国の30 https://t.co/9BYXuuuXih,https://x.com/yuichisatoeco/status/1978054194008338488,372,2,24,0,0,0,0,0,0,5,0,0,0
1977691806981652487,"Mon, Oct 13, 2025",「AIは『おそらく』週4日勤務をもたらすだろう。すべての産業革命は社会行動の変化につながってきた」とエヌビディアのジェンスン・ファンCEOはフォックス・ビジネス・ネットワークで語った。同社の第2四半期売上高は過去最高の467億ドルを記録。時価総額は4兆ドルを超え、世界最大となっている。 https://t.co/vKMNZRI83Z,https://x.com/yuichisatoeco/status/1977691806981652487,207,1,2,1,0,0,0,0,0,1,0,0,0
1977329406512185662,"Sun, Oct 12, 2025",米中対立再燃で半導体供給網に一段の不透明感が広がっている。中国政府が10月に発表したレアアース輸出規制により、半導体製造装置大手ASMLで数週間の出荷遅延が発生する可能性が浮上。戦略国際問題研究所のバスカラン氏は「これまでで最も厳しい輸出規制だ。中国は世界の企業を従わせる力を持つことを https://t.co/dWmIzVQZQA,https://x.com/yuichisatoeco/status/1977329406512185662,458,1,10,0,0,0,0,1,4,0,0,0,0
1976967020865257822,"Sat, Oct 11, 2025",「エージェントがコード開発を完全に自動化し、APIサーバーの起動からテスト、修正まで自律的に実行できるようになる」とOpenAIのDevDay 2025で開発責任者らは断言する。同社が発表したAgentKit、Agent Builder、Codex CLIの新機能群は、企業内でのAIエージェント展開を大きく加速させる。Agent https://t.co/2FLgsRxv0R,https://x.com/yuichisatoeco/status/1976967020865257822,191,1,4,0,0,0,0,0,0,2,0,0,0
1976828978569920827,"Sat, Oct 11, 2025",OpenAIによる150兆円規模のデータセンター投資コミットメントをきっかけに、半導体関連株が急騰。その勢いを受け、株価指数、特に日経平均も大きく上昇した。,https://x.com/yuichisatoeco/status/1976828978569920827,421,0,3,0,0,0,0,0,1,2,0,0,0
,,,https://x.com/yuichisatoeco/status/undefined,0,0,0,0,0,0,0,0,0,0,0,0,0
1976604630483185947,"Fri, Oct 10, 2025",オープンAIのサム・アルトマンCEOは「スマートフォンとは異なる新しいコンピューティングの形態を生み出したい」と語る。10月6日のサンフランシスコ開発者会議で、元アップルのジョナサン・アイブと共同開発中のAIデバイスについて初めて言及した。両社は今年5月に共同プロジェクト「io」の買収を発表 https://t.co/fKyHPRIBXa,https://x.com/yuichisatoeco/status/1976604630483185947,137,1,5,0,0,0,0,0,2,0,0,0,0
1976242245855522870,"Thu, Oct 9, 2025",「AIは産業バブルの状態にある。過剰な期待と資金注入が、事業実態から乖離した投資を促している」とアマゾン創業者ジェフ・ベゾス氏は断言する。OpenAIのサム・アルトマンCEOも同様の懸念を示し、「投資家の過剰な熱狂が非合理な投資を生む」と指摘。ゴールドマン・サックスのデビッド・ソロモンCEOは https://t.co/FdN5jABtVH,https://x.com/yuichisatoeco/status/1976242245855522870,967,2,30,1,0,0,0,1,1,10,0,0,0
1975879856454762963,"Wed, Oct 8, 2025",「2033年までに250ギガワットの計算用電力インフラを確保する」とオープンAIのサム・アルトマンCEOは断言する。これはアメリカ全土のピーク電力需要の約3分の1に相当する規模だ。世界の原子力発電容量350ギガワット、インドのピーク電力需要220ギガワットと比較しても、その野心的な規模が際立つ。 https://t.co/oGtelbMZK9,https://x.com/yuichisatoeco/status/1975879856454762963,297,1,11,0,0,0,0,0,2,4,0,0,0
1975517469214147050,"Tue, Oct 7, 2025",「ChatGPTの中でアプリと直接会話できる時代が始まった」とOpenAIは発表した。8億人のユーザーが、ブッキングドットコム、Canva、Spotifyなど大手7社のアプリを自然な会話で操作できるようになる。開発者向けのApps SDKも本日公開され、誰でも対話型アプリを作れる環境が整った。 https://t.co/OBUaL2zvuT,https://x.com/yuichisatoeco/status/1975517469214147050,187,0,11,0,0,0,0,0,4,0,0,0,0
1975155126470918493,"Mon, Oct 6, 2025",OpenAIが10月6日のDevDayで発表見込みのAgent https://t.co/ishE3HoBFo,https://x.com/yuichisatoeco/status/1975155126470918493,171,1,5,0,0,0,0,0,1,3,0,0,0
1974792706980188455,"Sun, Oct 5, 2025",OpenAIは株式、暗号資産、不動産などの取引を支援するAIエージェントをリリース予定か。10月3日に発表されたAI活用型パーソナル金融アプリ「Roi」の買収が、その強いシグナルとなっている。360万ドルの資金調達を実施していた同社から、創業者のスジット・ヴィシュワジット氏のみがOpenAIに移籍する異 https://t.co/xCghjJTfW5,https://x.com/yuichisatoeco/status/1974792706980188455,360,2,12,0,0,0,0,0,2,8,0,0,0