file,name,status,references_added,improvement
case_studies/blake_anderson/sns_analysis.md,blake anderson,UPDATED,2,App連携
case_studies/brock/sns_analysis.md,brock,UPDATED,4,App連携
case_studies/catnose99/sns_analysis.md,catnose99,UPDATED,18,App/Newsletter連携
case_studies/chase_jarvis/sns_analysis.md,chase jarvis,STRATEGIC,2,戦略文書連携
case_studies/chris_do/sns_analysis.md,chris do,UPDATED,2,Newsletter連携
case_studies/chris_williamson/sns_analysis.md,chris williamson,STRATEGIC,2,戦略文書連携
case_studies/codie_sanchez/sns_analysis.md,codie sanchez,UPDATED,1,Newsletter連携
case_studies/connor/sns_analysis.md,connor,UPDATED,2,App連携
case_studies/courtland_allen/sns_analysis.md,courtland allen,UPDATED,3,App/Newsletter連携
case_studies/dagobert_renouf/sns_analysis.md,dagobert renouf,UPDATED,1,App連携
case_studies/damon_chen/sns_analysis.md,damon chen,UPDATED,1,App連携
case_studies/dan_koe/sns_analysis.md,dan koe,STRATEGIC,2,戦略文書連携
case_studies/daniel_bitton/sns_analysis.md,daniel bitton,UPDATED,1,App連携
case_studies/daniel_nguyen/sns_analysis.md,daniel nguyen,UPDATED,1,App連携
case_studies/daniel_vassallo/sns_analysis.md,daniel vassallo,UPDATED,1,App連携
case_studies/danny_postma/sns_analysis.md,danny postma,UPDATED,3,App連携
case_studies/david_perell/sns_analysis.md,david perell,UPDATED,1,Newsletter連携
case_studies/des_traynor/sns_analysis.md,des traynor,UPDATED,9,App/Newsletter連携
case_studies/desmond/sns_analysis.md,desmond,UPDATED,2,App連携
case_studies/dharmesh_shah/sns_analysis.md,dharmesh shah,UPDATED,18,App/Newsletter連携
case_studies/dhh/sns_analysis.md,dhh,UPDATED,30,App/Newsletter連携
case_studies/dickie_bush/sns_analysis.md,dickie bush,UPDATED,1,Newsletter連携
case_studies/diego_roshardt/sns_analysis.md,diego roshardt,UPDATED,1,App連携
case_studies/elise_darma/sns_analysis.md,elise darma,UPDATED,74,Instagram戦略連携
case_studies/florin_pop/sns_analysis.md,florin pop,STRATEGIC,2,戦略文書連携
case_studies/gary_vaynerchuk/sns_analysis.md,gary vaynerchuk,STRATEGIC,2,戦略文書連携
case_studies/gil_hildebrand/sns_analysis.md,gil hildebrand,UPDATED,1,App連携
case_studies/graham_stephan/sns_analysis.md,graham stephan,UPDATED,3,Newsletter連携
case_studies/grant_mcconnaughey/sns_analysis.md,grant mcconnaughey,UPDATED,1,App連携
case_studies/greg_isenberg/sns_analysis.md,greg isenberg,STRATEGIC,2,戦略文書連携
case_studies/hahnbee_lee/sns_analysis.md,hahnbee lee,STRATEGIC,2,戦略文書連携
case_studies/harry_dry/sns_analysis.md,harry dry,UPDATED,1,Newsletter連携
case_studies/hassan_el_mghari/sns_analysis.md,hassan el mghari,STRATEGIC,2,戦略文書連携
case_studies/ikehaya/sns_analysis.md,ikehaya,UPDATED,3,App/Newsletter連携
